phone_no,business_name,business_address,rating,no_of_reviews
(616) 285-9901,Visbeen Architects,"4139 Embassy Dr SE, Grand Rapids, Michigan 49546, United States",5.0,61 Reviews
(512) 548-3087,Cornerstone Architects,"7000 Bee Caves Rd. Suite 200, Austin, Texas 78746, United States",5.0,52 Reviews
(831) 292-3471,"Studio S Squared Architecture, Inc.","1000 South Winchester Blvd., San Jose, California 95128, United States",5.0,95 Reviews
(410) 990-1700,Purple Cherry Architects,"One Melvin Avenue, Annapolis, Maryland 21401, United States",5.0,81 Reviews
(360) 629-3441,"Dan Nelson, Designs Northwest Architects","10031 SR 532, Ste B, Stanwood, Wa. 2316 Fairview Ave.E., Seattle, Washington 98102, United States",5.0,36 Reviews
(801) 794-0220,JCD Custom Home Design,"839 North 100 East, Spanish Fork, Utah 84660, United States",4.9,64 Reviews
(714) 754-4040,"Brandon Architects, Inc.","151 Kalmus Drive, Suite G-1, Costa Mesa, California 92626, United States",5.0,43 Reviews
(978) 270-8441,Sam Kachmar Architects,"45 Saville st, Cambridge, Massachusetts 02138, United States",4.9,75 Reviews
(206) 823-1451,Board & Vellum,"115 15th Ave E., Suite 100, Seattle, Washington 98112, United States",5.0,77 Reviews
(602) 571-3016,The Ranch Mine,"4340 E Indian School Rd. Ste. 21552, Phoenix, Arizona 85018, United States",5.0,20 Reviews
(801) 683-5637,Habitations Residential Design Group,"1523 East Skyline Drive, South Ogden, Utah 84405, United States",5.0,66 Reviews
(408) 375-5800,"Arch Studio, Inc.","1155 Meridian Avenue, Suite #207, San Jose, California 95125, United States",4.9,37 Reviews
(845) 243-2469,Crisp Architects,"16 Washington Avenue, Millbrook, New York 12545, United States",5.0,81 Reviews
(713) 550-6643,"Paul N. Brow, Architect, LLC","Houston, Texas 77478, United States",5.0,8 Reviews
(724) 471-5542,Gaskill Architecture,"310 Reichert Rd, Portersville, Pennsylvania 16051, United States",5.0,32 Reviews
(615) 292-4017,Noble Johnson Architects,"PO Box 121613, Nashville, Tennessee 37212, United States",5.0,31 Reviews
(612) 337-5060,David Heide Design Studio,"301 Fourth Avenue South, 663 Grain Exchange Building, Minneapolis, Minnesota 55415, United States",4.9,81 Reviews
(512) 502-8484,Geschke Group Architecture,"11200 Ranch Rd. 2222, Austin, Texas 78730, United States",5.0,52 Reviews
(206) 542-3734,H2D Architecture + Design,"23020 Edmonds Way, #113, Edmonds, Washington 98020, United States",4.7,29 Reviews
(713) 257-9843,Brickmoon Design,"1438 Campbell Rd. Suite 202, Houston, Texas 77055, United States",4.8,59 Reviews
(510) 595-1300,ODS Architecture,"5895 Doyle Street, Emeryville, California 94608, United States",4.9,42 Reviews
(239) 309-2180,Kukk Architecture & Design P.A.,"1300 Third St S Suite 203E, Naples, Florida 34102, United States",5.0,32 Reviews
(617) 401-9337,Flavin Architects,"175 Portland St #6, Boston, Massachusetts 02114, United States",5.0,50 Reviews
(843) 514-7354,"Crosby Creations Drafting & Design Services, LLC","Call today!, Charleston, South Carolina 29449, United States",5.0,145 Reviews
(954) 715-2357,In-Site Design Group LLC,"Hollywood, Florida 33020, United States",5.0,31 Reviews
(616) 340-8047,42 North - Architecture + Design,"5510 Cascade Rd SE, Ste 220, Grand Rapids, Michigan 49546, United States",5.0,6 Reviews
(415) 391-0186,"Mark English Architects, AIA","315 Sutter Street 5th floor San Francisco, CA 94108, 5th floor, San Francisco, California 94108, United States",5.0,19 Reviews
(678) 726-1358,Norwood Architects,"4779 S Atlanta Rd SE Ste 300, Atlanta, Georgia 30339, United States",5.0,42 Reviews
(978) 356-5026,Cummings Architecture + Interiors,"57 South Main Street, Ipswich, Massachusetts 01938, United States",5.0,35 Reviews
(205) 533-9993,"Frusterio Design, Inc.","Call for an appointment!, Birmingham, Alabama 35242, United States",5.0,79 Reviews
(512) 636-7653,Clark Richardson Architects,"618 Lavaca St. Suite 7, Austin, Texas 78701, United States",5.0,21 Reviews
(864) 275-9766,Tindall Architecture Workshop,"14 Lake Forest Dr., Greenville, South Carolina 29609, United States",4.9,65 Reviews
(610) 719-0101,Period Architecture Ltd.,"53 Church Road, Malvern, Pennsylvania 19355, United States",5.0,45 Reviews
(847) 864-9650,Kipnis Architecture + Planning,"1642 Payne Street, Evanston, Illinois 60201, United States",5.0,46 Reviews
(610) 616-3161,"Gardner/Fox Associates, Inc","919 Glenbrook Ave, Bryn Mawr, Pennsylvania 19010, United States",4.7,37 Reviews
828,"Brent Campbell, Architect","Asheville, North Carolina 28801, United States",4.9,24 Reviews
(207) 774-0111,Whitten Architects,"37 Silver Street, Portland, Maine 04101, United States",5.0,19 Reviews
(949) 619-6531,Anders Lasater Architects,"384 Forest Avenue, #12, Laguna Beach, California 92651, United States",4.9,51 Reviews
(406) 905-0040,Locati Architects,"1007 East Main Street, Suite 202, Bozeman, Montana 59715, United States",5.0,5 Reviews
(617) 621-1455,LDa Architecture & Interiors,"222 Third Street, Suite 3212, Cambridge, Massachusetts 02142, United States",5.0,11 Reviews
(310) 923-8396,Inchoate,"Los Angeles, California 90016, United States",5.0,11 Reviews
(305) 697-6388,SDH Studio Architecture and Interior Design,"18200 NE 19th Ave. Suite 100, North Miami Beach, Florida 33162, United States",5.0,41 Reviews
(843) 986-0559,Allison Ramsey Architects,"1003 Charles Street, Beaufort, South Carolina 29902, United States",4.9,39 Reviews
(630) 517-9501,Meyer Design,"2368 Corporate Lane, Suite 116, Naperville, Illinois 60563, United States",5.0,24 Reviews
(626) 584-6922,"JAMES V. COANE & ASSOCIATES, ARCHITECTS","30 N Raymond Avenue, Suite 611, Pasadena, California 91103, United States",5.0,17 Reviews
(802) 649-5515,Smith & Vansant Architects PC,"129 South Main Street, Suite 104, White River, Vermont 05001, United States",5.0,11 Reviews
(415) 885-2946,Gast Architects,"355 11th Street, Suite 300, San Francisco 94103, United States",5.0,43 Reviews
(248) 213-9579,kevin akey - azd associates - michigan,"665 Hulet Dr., Ste. 100, Bloomfield Hills, Michigan 48302, United States",5.0,40 Reviews
(612) 470-5511,Murphy & Co. Design,"Minneapolis, Minnesota 55405, United States",5.0,23 Reviews
(508) 680-7221,GMT Home Designs Inc.,"60 Pleasant Street Suite 10C, Ashland, Massachusetts 01721, United States",5.0,26 Reviews
(970) 919-1084,AXIS Productions,"PO Box 168, Basalt, Colorado 81621, United States",5.0,13 Reviews
(845) 214-0802,Daniel Contelmo Architects,"30 Croft Road, Poughkeepsie, New York 12603, United States",5.0,39 Reviews
(512) 450-0820,Tim Cuppett Architects,"Austin, Texas 78756, United States",4.9,24 Reviews
(610) 692-9112,"Archer & Buchanan Architecture, Ltd.","125 West Miner Street, West Chester, Pennsylvania 19382, United States",5.0,47 Reviews
(617) 720-5002,ZeroEnergy Design,"156 Milk Street, Suite 3, Boston, Massachusetts 02109, United States",4.9,19 Reviews
(612) 333-2246,"Charlie & Co. Design, Ltd","212 3rd Ave. N., Ste. 356, Minneapolis, Minnesota 55401, United States",5.0,22 Reviews
(805) 684-8885,Neumann Mendro Andrulaitis Architects LLP,"888 Linden Avenue, Carpinteria, California 93013, United States",5.0,40 Reviews
(855) 373-9388,Drewett Works,"7144 E. Stetson Drive, Suite 204, Scottsdale, Arizona 85251, United States",4.9,16 Reviews
(949) 637-5220,Eric Aust Architect,"62 Balboa Coves, Newport Beach, California 92663, United States",5.0,19 Reviews
(512) 918-8312,Vanguard Studio Inc.,"6601 Vaught Ranch Rd, Austin, Texas 78730, United States",5.0,18 Reviews
(773) 825-6231,"dSPACE Studio Ltd, AIA","2920 N Lincoln Avenue, Chicago, Illinois 60657, United States",5.0,16 Reviews
(310) 398-1500,Hamilton Architects,"12240 Venice Blvd Ste 25, Los Angeles, California 90066, United States",4.9,9 Reviews
(512) 861-8545,McKinney York Architects,"1301 East 7th Street, Austin, Texas 78702, United States",5.0,44 Reviews
(415) 704-7339,Mark Brand Architecture,"1339 Mission Street, San Francisco, California 94103, United States",4.9,24 Reviews
(949) 386-2241,William Guidero Planning and Design,"425 30th street, Suite 23, Newport Beach, California 92663, United States",5.0,13 Reviews
(512) 572-3609,Element 5 Architecture,"2124 East 6th Street, Ste. 106, Austin, Texas 78702, United States",5.0,25 Reviews
(860) 354-1031,Haver & Skolnick LLC Architects,"Roxbury, Connecticut 06783, United States",5.0,39 Reviews
(215) 701-3065,"Wolstenholme Associates, LLC","108 N. Main Street, Suite 200, Doylestown, Pennsylvania 18901, United States",4.9,39 Reviews
(952) 473-8777,"Alexander Design Group, Inc.","275 Lake Street East, Suite 102, Wayzata, Minnesota 55391, United States",5.0,7 Reviews
(605) 275-4355,4D Design + Consulting,"Sioux Falls, South Dakota 57108, United States",5.0,8 Reviews
(208) 841-4112,Gravitas,"112 E. 33rd St., Boise, Idaho 83714, United States",5.0,33 Reviews
(203) 222-0229,"Sellars Lathrop Architects, llc","1 Kings Highway North, Westport, Connecticut 06880, United States",5.0,25 Reviews
(214) 730-0112,"L. Lumpkins Architect, Inc.","12720 Hillcrest Road, Suite 345, Dallas, Texas 75230, United States",4.9,14 Reviews
(540) 245-0269,CIRCLE Design Studio,"4240 Old Cave Spring Road, Roanoke, Virginia 24018, United States",5.0,45 Reviews
(650) 667-7362,"John Lum Architecture, Inc. AIA","3246 Seventeenth Street, San Francisco, California 94110, United States",4.9,17 Reviews
(402) 817-7238,Structur Design & Interiors,"1406 Veterans Drive, Elkhorn, Nebraska 68022, United States",4.9,30 Reviews
(612) 338-5976,Andrea Swan - Swan Architecture,"275 Market Street Suite 438, Minneapolis, Minnesota 55405, United States",5.0,22 Reviews
(509) 444-5270,Design Services Northwest Inc.,"Suite 700 · 204 S. Koren Rd., Spokane, Washington 99212, United States",5.0,14 Reviews
(415) 689-1967,Joseph Farrell Architecture,"1 Commercial Blvd. STE 106, Novato, California 94949, United States",5.0,14 Reviews
(510) 558-8442,Eisenmann Architecture,"1331 7th Street Suite G., Berkeley, California 94710, United States",5.0,20 Reviews
(203) 622-7000,Douglas VanderHorn Architects,"41 West Elm Street, Greenwich, Connecticut 06830, United States",5.0,43 Reviews
(251) 239-9645,Bob Chatham Custom Home Design,"790 Daphne Ave, Suite C, Daphne, Alabama 36526, United States",5.0,15 Reviews
(307) 733-4000,CLB Architects,"215 South King Street, PO Box 9218, Jackson, Wyoming 83001, United States",5.0,4 Reviews
(949) 430-6766,"Lampert Dias Architects, Inc.","PO Box 4565, San Clemente, California 92674, United States",4.9,19 Reviews
(949) 496-8991,geoff sumich design,"31511 A Camino Capistrano, San Juan Capistrano, California 92675, United States",5.0,16 Reviews
(503) 272-1566,Guggenheim Architecture + Design Studio,"925 NW 19th Avenue, Studio F, Portland, Oregon 97209, United States",5.0,14 Reviews
(203) 227-7935,MAR JENNINGS/S&J Multimedia LLC,"Six Brookside Park, Westport, Connecticut 06880, United States",5.0,21 Reviews
(612) 324-1628,"Peter Eskuche, AIA","18318 Minnetonka Blvd, Deephaven, Minnesota 55391, United States",4.9,18 Reviews
(908) 273-6565,Rosen Kelly Conway Architecture & Design,"16 Maple Street, Summit, New Jersey 07901, United States",4.9,16 Reviews
(603) 446-6640,Bonin Architects &  Associates,"210 Main Street, New London, New Hampshire 03257, United States",5.0,16 Reviews
(914) 315-2110,Michael Lewis Architects PC,"145 Palisade Street, Suite 307, Dobbs Ferry, New York 10522, United States",4.9,39 Reviews
(202) 831-2683,Donald Lococo Architects,"3413 1/2 M Street NW, Ste A, Washington, D.C. 20007, United States",5.0,34 Reviews
(210) 679-4675,"OSCAR E. FLORES DESIGN STUDIO, LLC","11550 IH-10 West, Suite 186, San Antonio, Texas 78230, United States",4.9,36 Reviews
(703) 340-8555,Moser Architects PLLC,"3504 N. Jefferson St, Arlington, Virginia 22207, United States",5.0,42 Reviews
(727) 446-8022,ArcDesign,"1701 Drew Street, #6, Clearwater, Florida 33755, United States",4.9,62 Reviews
(203) 431-8890,DeMotte Architects,"635 Danbury Rd, Suite 1A, Ridgefield, Connecticut 06877, United States",4.9,56 Reviews
(843) 303-2979,DLB Custom Home Design,"Call to set an appointment, Charleston, South Carolina 29401, United States",5.0,46 Reviews
(301) 861-3569,"Bennett Frank McCarthy Architects, Inc.","1400 Spring Street, #320, Silver Spring, Maryland 20910, United States",4.8,39 Reviews
(802) 253-2169,Cushman Design Group,"100 Mountain Road, PO Box 655, Stowe, Vermont 05672, United States",5.0,32 Reviews
(630) 346-1620,12/12 Architects & Planners,"644 67th Street, Downers Grove, Illinois 60516, United States",4.9,47 Reviews
(415) 474-2112,House + House Architects,"1499 Washington Street, San Francisco, California 94109, United States",5.0,44 Reviews
(206) 472-1907,Shuler Architecture,"810 NW 61st Street, Seattle, Washington 98107, United States",5.0,42 Reviews
(917) 791-6165,"Lilian H. Weinreich, Architects","150 Central Park South #502, New York, New York 10019, United States",5.0,35 Reviews
(970) 614-4124,Reed Design Group,"PO Box 8928, Avon, Colorado 81620, United States",5.0,9 Reviews
(415) 710-3450,Craig O'Connell Architecture,"1592 Union Street Suite 133, San Francisco, California 94123, United States",4.9,27 Reviews
(949) 284-4905,McRae Lambert Dunn,"12 Via Loma, Laguna Niguel, California 92677, United States",5.0,13 Reviews
(781) 431-6100,Jacob Lilley Architects,"103 Central Street, Wellesley, Massachusetts 02482, United States",5.0,24 Reviews
(919) 642-1619,"Sophie Piesse Architect, PA","302 W Weaver Street, Suite F, Carrboro, North Carolina 27510, United States",5.0,40 Reviews
(617) 315-0289,"DesignCrossover, LLC","Boston, Massachusetts, United States",5.0,11 Reviews
(646) 798-7605,Jane Kim Design,"285 West Broadway Suite 320, New York, New York 10013, United States",5.0,12 Reviews
(480) 771-8961,Spry Architecture,"Phoenix, Arizona 85032, United States",5.0,20 Reviews
(267) 460-4035,"k YODER design, LLC","206 South Third Street, Philadelphia, Pennsylvania 19106, United States",5.0,21 Reviews
(949) 645-5854,Brion Jeannette Architecture,"470 Old Newport Blvd., Newport Beach, California 92663, United States",5.0,38 Reviews
(206) 472-1530,AOME Architects,"1700 7th Ave., Suite 2100, PMB 272, Seattle, Washington 98101, United States",5.0,10 Reviews
(202) 810-6555,Ballard + Mensua Architecture,"5185 MacArthur Blvd Northwest Suite 370, Washington DC, D.C. 20016, United States",5.0,36 Reviews
(916) 456-2300,Donald Joseph Inc.,"2620 21st Street, Sacramento, California 95818, United States",5.0,8 Reviews
(206) 472-1583,Coates Design Architects Seattle,"P.O. Box 11654, Bainbridge Island, Washington 98110, United States",5.0,39 Reviews
(408) 838-3667,"Brad Cox, Architect, Inc.","1155 Meridian Avenue, Suite 208, San Jose, California 95125, United States",5.0,10 Reviews
(510) 420-1234,Saikley Architects,"2533 Clement Avenue, Alameda, California 94501, United States",5.0,7 Reviews
(845) 267-8479,ROAM Architecture,"Congers, New York 10920, United States",4.9,24 Reviews
(406) 315-4539,Altius Design Group,"236 Wisconsin Ave., Whitefish, Montana 59937, United States",4.9,28 Reviews
(617) 674-3453,Hammer Architects,"19 Bishop Allen Drive, Cambridge, Massachusetts 02139, United States",5.0,19 Reviews
(612) 242-5629,Jim Kuiken Design,"Twin Lake Blvd, Minneapolis, Minnesota 55429, United States",4.9,55 Reviews
(301) 684-5466,AAI-Poggenpohl,"6809 Wisconsin Ave, Chevy Chase, Maryland 20815, United States",5.0,16 Reviews
(203) 761-8500,Architectural Designs,"57 Danbury Road, Wilton, Connecticut 06897, United States",4.9,144 Reviews
(347) 410-5860,Ben Herzog,"247 Prospect Ave #2, Brooklyn, New York 11215, United States",5.0,24 Reviews
(323) 275-1140,"LETTER FOUR, INC.","8695 West Washington Blvd. Suite#205, Culver City, California 90232, United States",5.0,8 Reviews
(973) 735-3027,CBH Architects,"50 South Orange Ave., 3rd Floor, South Orange, New Jersey 07079, United States",4.9,57 Reviews
(215) 458-2590,Asher Slaunwhite Architects,"9723 Second Avenue, Stone Harbor, New Jersey 08247, United States",5.0,12 Reviews
(415) 917-1054,Rossington Architecture,"1505 Bridgeway #128, Sausalito, California 94965, United States",5.0,24 Reviews
(713) 654-9400,Montgomery Roth Architecture & Interior Design,"Decorative Center of Houston, 5120 Woodway Dr Suite 3039, Houston, Texas 77056, United States",5.0,36 Reviews
(561) 220-7799,Atlantic,"Jupiter, Florida, United States",5.0,33 Reviews
(719) 590-1234,3rd Dimension Graphics,"Contact for an appointment, Monument, Colorado 80132, United States",5.0,44 Reviews
(910) 660-3606,Glover Design,"323 Wooded Acres Road, Lake Waccamaw, North Carolina 28450, United States",4.8,30 Reviews
(240) 396-2051,"Robert Nehrebecky AIA, Re:New Architecture","4802 Franklin Street, Bethesda, Maryland 20814, United States",5.0,47 Reviews
(404) 486-7000,"Brian Patterson Designs, Inc.","2343 Eastway Rd, Decatur, Georgia 30033, United States",5.0,50 Reviews
(970) 453-7002,Allen-Guerra Architecture,"711B Granite Street, Frisco, Colorado 80443, United States",5.0,41 Reviews
(323) 227-5647,Kiyohara Moffitt,"620 Moulton Ave. #106, Los Angeles, California 90031, United States",5.0,38 Reviews
(512) 456-3650,Rick O'Donnell Architect,"Call for Appointment, Georgetown, Texas 78633, United States",5.0,36 Reviews
(864) 561-4103,Kustom Home Design,"405 Sugar Mill Road, Greer, South Carolina 29650, United States",5.0,48 Reviews
(917) 983-3269,Anjie Cho Architect PLLC,"457 FDR Dr, New York, New York 10002, United States",5.0,35 Reviews
(301) 652-4022,Wiedemann Architects LLC,"5272 River Rd Ste 610, Bethesda, Maryland 20816, United States",5.0,26 Reviews
(415) 360-0522,Design Everest,"San Francisco, California 94105, United States",4.7,43 Reviews
(212) 675-9266,Resolution: 4 Architecture,"150 West 28th Street, New York, New York 10001, United States",4.9,7 Reviews
(802) 793-4999,Volansky Studio,"Stowe, Vermont 05672, United States",5.0,14 Reviews
(913) 451-1480,Bickford And Company,"8600 West 110th Street, Overland Park, Kansas 66210, United States",3.7,3 Reviews
(850) 470-6399,Dalrymple | Sallis Architecture,"503 E Government St, Pensacola, Florida 32502, United States",4.8,11 Reviews
(619) 618-4143,"Christian Rice Architects, Inc.","1127 Loma Avenue, Coronado, California 92118, United States",5.0,13 Reviews
(512) 790-7127,Point B Design Group,"1009 W 6th #207, Austin, Texas 78703, United States",4.8,6 Reviews
(703) 768-7371,Christine Kelly / Crafted Architecture,"Alexandria, Virginia 22314, United States",4.9,15 Reviews
(949) 218-4110,Eyoh Design,"San Clemente, California 92672, United States",5.0,12 Reviews
(312) 697-1951,bba ARCHITECTS,"1010 South Wabash, Chicago, Illinois 60605, United States",5.0,16 Reviews
(952) 243-2895,Revolution Design and Build,"18110 Minnetonka Boulevard, Wayzata, Minnesota 55391, United States",5.0,6 Reviews
(541) 382-2001,"Eric Meglasson, Architect","Bend, Oregon, United States",5.0,3 Reviews
(718) 832-4771,"Neuhaus Design Architecture, P.C.","355 1st Street, Suite B, Brooklyn, New York 11215, United States",5.0,8 Reviews
(713) 766-0416,Masa Studio Architects,"3211 Edloe St., #107, Houston, Texas 77027, United States",5.0,25 Reviews
(210) 499-4700,"A-Design By Gustavo Arredondo, Inc.","16015 Via Shavano, Suite 101, San Antonio, Texas 78249, United States",5.0,27 Reviews
(530) 758-9108,By Design,"Studio: 331 D Street, Suite A, Davis, California 95616, United States",4.9,13 Reviews
(301) 918-5709,"Claude C. Lapp Architects, LLC","11820 Parklawn Dr Ste 100, Rockville, Maryland 20852, United States",5.0,28 Reviews
(508) 744-3677,Polhemus Savery DaSilva,"157 Brewster-Chatham Road, East Harwich, Massachusetts 02645, United States",4.9,12 Reviews
(562) 276-0558,MODEL DESIGN INC.,"1570 W. 9th St., San Pedro, California 90732, United States",4.6,11 Reviews
(919) 887-8526,"Arielle C. Schechter, AIA","440 Bayberry Dr., Chapel Hill, North Carolina 27517, United States",5.0,22 Reviews
(970) 415-8257,Vertical Arts Architecture,"690 Marketplace Plaza, Suite 1, Steamboat Springs, Colorado 80487, United States",4.9,8 Reviews
(424) 672-3529,"Joseph Spierer Architects, Inc.","707 Torrance Blvd, Suite 100, Redondo Beach, California 90277, United States",5.0,19 Reviews
(703) 988-2350,Moment Engineering + Design,"8229 Boone Boulevard, Suite 410, Vienna, Virginia 22182, United States",5.0,5 Reviews
(415) 966-0921,Kirley+ Architecture,"444 Magnolia Ave Suite 102, Larkspur, California 94939, United States",5.0,10 Reviews
(760) 363-8123,DZN Partners,"682 Second Street, Encinitas, California 92024, United States",5.0,10 Reviews
(864) 607-2428,"Arcisan, Inc.","Greenville, South Carolina, United States",5.0,4 Reviews
(847) 807-1121,"DeBaker Design Group, Ltd.","7925 North Lincoln Ave., #203, Skokie, Illinois 60077, United States",5.0,44 Reviews
(323) 897-1299,Wolfgang Pichler Design Inc.,"17250 W. Sunset Blvd., Pacific Palisades, California 90272, United States",5.0,9 Reviews
(850) 378-3794,"Green Team Design, Inc.","Pittsburgh, Pennsylvania 16101, United States",5.0,41 Reviews
(718) 290-0890,Gut Instinct Design LLC,"1073 East 12th St, Brooklyn, New York 11230, United States",5.0,49 Reviews
(609) 722-7313,Halliday Architects,"PO Box 186, Ocean City, New Jersey 08226, United States",5.0,34 Reviews
(770) 846-5768,William T Baker,"ATLANTA, Georgia 30326, United States",5.0,35 Reviews
(614) 766-7257,Richard Taylor Architects,"48 S. High Street Suite B, Dublin, Ohio 43017, United States",5.0,33 Reviews
(317) 661-4029,Young Architecture Services,"4140 S Cider Mill Run, New Palestine, Indiana 46163, United States",5.0,46 Reviews
(717) 884-9808,"Allison Ong Shreffler, Architect / AOS Architect","Aosarch@yahoo.com, Harrisburg, Pennsylvania 17112, United States",5.0,30 Reviews
(973) 755-2316,Gary Rosard Architect,"321 Millburn Ave., Suite 3, Millburn, New Jersey 07041, United States",5.0,28 Reviews
(707) 765-0225,Mahoney Architects & Interiors,"6 C Street, Petaluma, California 94952, United States",4.9,31 Reviews
(816) 361-9595,RDM Architecture,"7244 Washington, Kansas City, Missouri 64114, United States",4.8,34 Reviews
(864) 235-0405,LS3P Living,"2 West Washington Street – Suite 600, Greenville, South Carolina 29601, United States",5.0,37 Reviews
(704) 413-3795,Ashley J. Design,"1000 NC Music Blvd, Charlotte, North Carolina 28206, United States",5.0,27 Reviews
(520) 743-8838,"Patricia B. Warren, AIA   Warren Architecture, LLC","4430 W. Westhaven Circle, Tucson, Arizona 85745, United States",5.0,27 Reviews
(972) 373-9999,"Bob Anderson, Architect","Dallas, Texas 75039, United States",5.0,39 Reviews
(612) 209-0913,David Lund Design,"4108 Drew Avenue, Minneapolis, Minnesota 55410, United States",5.0,36 Reviews
(510) 893-3093,Kelly and Abramson Architecture,"1111 warfield ave, piedmont, California 94610, United States",4.9,37 Reviews
(404) 948-3016,Bonsai Architectural Designs LLC,"10600 Buice Rd, Alpharetta, Georgia 30022, United States",4.9,33 Reviews
(919) 762-5415,End Vision Visual Design Group,"Fuquay-Varina, North Carolina, United States",5.0,35 Reviews
(650) 678-5941,Tali Hardonag Architect,"3272 Bryant Street, Palo Alto, California 94306, United States",4.9,28 Reviews
(617) 682-7828,Peter Sachs Architect,"20 Hunter Street, Newton, Massachusetts 02465, United States",4.9,39 Reviews
(202) 986-0573,KUBE architecture,"818 18th St NW, Suite 600, Washington, D.C. 20006, United States",5.0,26 Reviews
(228) 276-9006,Watters Architecture,"Sazerac Square, 133 Davis Avenue, Pass Christian, Mississippi 39571, United States",4.9,23 Reviews
(415) 370-7269,designpad architecture  - Patrick Perez Architect,"4040 Harlan St., Ste.C, Emeryville, California 94608, United States",5.0,13 Reviews
(415) 380-7914,"Dorman Associates, Inc.","229 Flamingo Road, Mill Valley, California 94941, United States",5.0,8 Reviews
(720) 924-2783,TKP Architects,"1509 Washington Ave, Golden, Colorado 80401, United States",5.0,22 Reviews
(415) 722-8488,David Ludwig - Architect,"California, United States",5.0,7 Reviews
(203) 762-7462,William D. Earls AIA Architect,"16 Deerfield Road, Wilton, Connecticut 06897, United States",4.9,11 Reviews
(404) 491-7522,Joel Kelly Design,"448 E. Paces Ferry Road NE, Suite 100, Atlanta, Georgia 30305, United States",5.0,10 Reviews
(408) 676-3336,KYLE CHAN ARCHITECT,"5205 Prospect Rd, Suite 135-120, San Jose, California 95129, United States",5.0,20 Reviews
(214) 823-1000,"Maestri, LLC.","401 Exposition Ave., Dallas, Texas 75226, United States",5.0,3 Reviews
(410) 892-1364,2e Architects,"9515 Deereco Road Suite 907, Timonium, Maryland 21093, United States",5.0,40 Reviews
,"Cynthia Karegeannes, Registered Architect","Email project location, scope of work, construction time frame, Norcross, Georgia 30092, United States",5.0,41 Reviews
(801) 784-6380,Clayton Vance Architecture,"345 W 600 S Suite 108, Heber City, Utah 84032, United States",5.0,5 Reviews
(801) 441-4632,Lloyd Architects,"573 East 600 South, Salt Lake City, Utah 84102, United States",4.8,19 Reviews
(847) 332-1001,Morgante Wilson Architects,"2834 Central St, Evanston, Illinois 60201, United States",4.9,11 Reviews
(541) 566-4858,"David Watkins Home Design, LLC","61149 S Highway 97, Unit 184, Bend, Oregon 97702, United States",5.0,6 Reviews
(512) 580-8529,Barley|Pfeiffer Architecture,"1800 W. 6th St., Austin, Texas 78703, United States",5.0,16 Reviews
(952) 303-4230,A. Sadowski Designs,"17800 Hutchins Drive, Minnetonka, Minnesota 55345, United States",4.9,17 Reviews
(206) 284-8355,Lane Williams Architects,"3046 17th Avenue West, Seattle, Washington 98119, United States",5.0,47 Reviews
(512) 343-0714,"Danze & Davis Architects, Inc.","4701 Spicewood Springs Rd., Suite 200, Austin, Texas 78759, United States",5.0,18 Reviews
(206) 279-0928,Click Architects,"Seattle, Washington 98133, United States",5.0,5 Reviews
(310) 231-0300,Lewis / Schoeplein architects,"11533 W. Pico Blvd., Los Angeles, California 90064, United States",5.0,15 Reviews
(310) 456-5905,Burdge & Associates Architects,"24911 Pacific Coast Highway, Malibu, California 90265, United States",5.0,4 Reviews
(650) 558-0700,Scheinholtz Associates,"1319 Howard Avenue, Burlingame, California 94010, United States",5.0,13 Reviews
(616) 208-5903,MATHISON | MATHISON ARCHITECTS,"560 Fifth St NW, Suite 405, Grand Rapids, Michigan 49504, United States",5.0,6 Reviews
(708) 853-9439,Randall Architects,"39 East Quincy Street, #2B, Riverside, Illinois 60546, United States",4.8,6 Reviews
(805) 484-4277,Arc Design Group,"175 E. Wilbur Road, Suite 202, Thousand Oaks, California 91360, United States",4.7,13 Reviews
(630) 279-8228,"JMB Architect, LTD.","180 W. Park, Suite #10, Elmhurst, Illinois 60126, United States",5.0,9 Reviews
(415) 691-7227,Klopf Architecture,"2180 Bryant Street, Suite 203, San Francisco, California 94110, United States",5.0,30 Reviews
(239) 309-7786,"Herscoe Hajjar Architects, LLC","22 Tenth Street South, Naples, Florida 34102, United States",5.0,22 Reviews
(337) 962-1255,Trahan Architecture & Planning,"1700 Kaliste Saloom Rd Ste 301, Lafayette, Louisiana 70508, United States",5.0,38 Reviews
(608) 233-1480,udvari-solner design company,"2631 University Avenue, Suite 104, Madison, Wisconsin 53705, United States",4.6,31 Reviews
(800) 647-4781,"ORR Design Office, Inc.","Bay Area- Sierra- Foothills- Sacramento- Central Valley, Bay Area- Sierra- Central Valley, California 94553, United States",4.9,34 Reviews
(510) 527-9272,"Gary Earl Parsons, Architect","814 Camelia Street, Berkeley 94710, United States",5.0,38 Reviews
(720) 399-0046,Arcadea Architecture,"741A Pearl Street, Boulder, Colorado 80302, United States",5.0,24 Reviews
(208) 634-9810,J Truex Architecture,"8403 Spring Creek Way, Middleton, Idaho 83644, United States",5.0,33 Reviews
(801) 367-5380,S. W. Morgan Fine Home Design,"9978 South Eden Crest Road, South Jordan, Utah 84095, United States",5.0,35 Reviews
(206) 930-5147,Studio  Zerbey Architecture + Design,"Seattle, Washington 98117, United States",5.0,23 Reviews
(404) 253-1105,Kemp Hall Studio,"1500 Southland Circle NW Suite E, Atlanta, Georgia 30318, United States",5.0,30 Reviews
(919) 514-1090,BellaDomus Residential Design Studio,"304 W. Weaver Street, Suite 201, Carrboro, North Carolina 27510, United States",4.9,33 Reviews
(617) 423-3040,"SMOOK Architecture & Urban Design, Inc.","8 Lyman Street, Suite 206, Westborough, Massachusetts 01581, United States",4.8,34 Reviews
(386) 847-0373,Mangrove Bay Design,"808 Magnolia Street, New Smyrna Beach, Florida 32168, United States",4.8,30 Reviews
(828) 684-9884,ACM Design,"103 Underwood Road, Suite F, Fletcher, North Carolina 28732, United States",5.0,29 Reviews
(480) 418-6008,Designlink Architecture and Interiors,"14415 N. 73rd St #109, Scottsdale, Arizona 85260, United States",4.8,29 Reviews
(269) 599-6050,ADIDA Inc.,"Portage, Michigan 49024, United States",5.0,33 Reviews
(503) 479-5740,Propel Studio Architecture,"822 SE 13th Ave., Portland, Oregon 97214, United States",5.0,22 Reviews
(910) 251-8899,Hood Herring Architecture Pllp,"805 Nth 4th St, Wilmington, North Carolina 28401, United States",5.0,30 Reviews
(512) 746-7566,MF Architecture,"900 East 6th Street, Suite 100, Austin, Texas 78702, United States",5.0,25 Reviews
(503) 223-4957,TELFORD+BROWN STUDIO ARCHITECTURE,"239 NW 13th Avenue, Room 305, Portland, Oregon 97209, United States",5.0,27 Reviews
(443) 924-1015,"KB Lueck Building Consultants, LLC.","810 Macsherry Drive, Arnold, Maryland 21012, United States",5.0,32 Reviews
(703) 454-8373,Melissa Broffman Interior Design,"Arlington, Virginia 22205, United States",5.0,32 Reviews
(619) 430-4069,"BVM Design, Inc.","2363 Needham Road, Suite 120, El Cajon, California 92020, United States",5.0,35 Reviews
(212) 255-6263,George Ranalli Architect,"1361 Amsterdam Avenue, Suite 340, New York, New York 10027, United States",4.9,36 Reviews
(616) 591-4589,Image Design LLC,"6812 Old 28Th St SE Ste D, Grand Rapids, Michigan 49546, United States",4.8,36 Reviews
(917) 843-3008,"Aaron Bollman & Company, Inc.","160 Riverside Boulevard, New York, New York 10069, United States",5.0,22 Reviews
(301) 654-9145,Gardner Architects LLC,"1010 Wayne Ave Suite 330, Silver Spring, Maryland 20910, United States",5.0,27 Reviews
(858) 243-0505,Living Design Interiors,"Carlsbad, California 92009, United States",4.9,34 Reviews
(518) 392-6800,JAMES DIXON ARCHITECT PC,"1 Railroad Ave, Chatham, New York 12037, United States",5.0,29 Reviews
(919) 810-6029,Hutch Johnson WHJ Design,"PO BOX 52015, Durham, North Carolina 27717, United States",5.0,37 Reviews
(512) 347-1688,LaRue Architects,"500 North Capital of Texas Highway, Building 8, Suite 110, Austin, Texas 78746, United States",5.0,29 Reviews
(512) 328-7706,JAUREGUI Architecture Interiors Construction,"3660 Stoneridge Road, Bldg A102, Austin, Texas 78746, United States",4.9,28 Reviews
(845) 429-4225,John Perkins Architect,"Tomkins Cove, New York 10986, United States",4.9,33 Reviews
(315) 262-0082,"Renew Architecture & Design, PLLC","7 Maple Street, Potsdam, New York 13676, United States",4.9,36 Reviews
(614) 914-8660,"Jamee Parish Architects, LLC","Columbus, Ohio 43214, United States",5.0,25 Reviews
(206) 395-4392,Atelier Drome Architecture,"110 Prefontaine St S, Ste 112, Seattle, Washington 98104, United States",5.0,21 Reviews
(212) 643-2600,"Studio ST Architects, P.C.","330 West 38th Street Suite 309, New York, New York 10018, United States",5.0,32 Reviews
(435) 657-9757,Artisans Custom Home Design,"55 West Center Street, Heber, Utah 84032, United States",5.0,20 Reviews
(713) 984-8604,Rice Residential Design,"2500 Fondren Road, Suite 110, Houston, Texas 77063, United States",5.0,56 Reviews
(503) 244-7467,Olson & Jones,"PO BOX 19563, Portland, Oregon 97280, United States",5.0,6 Reviews
(970) 344-0966,"Beth Levine Architect, Inc.","P.O. Box 1825, Avon, Colorado 81620, United States",5.0,21 Reviews
(615) 345-1010,Allard Ward Architects,"1618 16th Avenue South, Nashville, Tennessee 37212, United States",5.0,3 Reviews
(410) 571-3604,Kimmel Studio Architects,"619 Severn Avenue, Suite 202, Annapolis, Maryland 21403, United States",5.0,3 Reviews
(949) 274-9693,Moss Yaw Design studio,"26 Meridian Drive, Aliso Viejo, California 92656, United States",5.0,12 Reviews
(203) 441-7462,Blueprint Dreams LLC,"Stratford, Connecticut 06614, United States",5.0,3 Reviews
(317) 652-2828,HAUS | Architecture For Modern Lifestyles,"933 N Layman Ave - Studio 2, Indianapolis, Indiana 46219, United States",4.9,34 Reviews
(858) 264-3893,Oasis Architecture & Design,"San Diego, California 92109, United States",5.0,6 Reviews
(801) 930-9499,Walker Home Design,"1981 E. Murray Holliday Blvd., Suite 225, Salt Lake City, Utah 84117, United States",4.8,18 Reviews
(917) 664-2870,"Alexander Butler | Design Services, LLC","16 East 34th Street, 18th Floor, New York, New York 10016, United States",5.0,26 Reviews
(318) 479-4300,Walker Home Designs,"2605 Betty Street, Suite A, Shreveport, Louisiana 71108, United States",5.0,12 Reviews
(202) 798-2541,runningdog Architects,"4208 Maple Terrace, Chevy Chase, Maryland 20815, United States",5.0,13 Reviews
(206) 728-9500,Stuart Silk Architects,"2400 N 45th St, Ste 200, Seattle, Washington 98103, United States",5.0,5 Reviews
(406) 587-2597,Reid Smith Architects,"212 South Tracy Ave., Bozeman, Montana 59715, United States",5.0,3 Reviews
(248) 826-2068,"CBI Design Professionals, Inc.","838 West Long Lake Road, Suite 110, Bloomfield Hills, Michigan 48302, United States",5.0,20 Reviews
(602) 686-0386,John Anthony Drafting & Design,"17237 N. 29th Ave, Phoenix, Arizona 85053, United States",5.0,5 Reviews
(703) 346-9819,Red House Architects,"1612 N. Fillmore St., Arlington, Virginia 22201, United States",4.9,16 Reviews
(480) 367-2100,SWABACK pllc,"7550 E. McDonald Drive, Suite A, Scottsdale, Arizona 85250, United States",5.0,4 Reviews
(704) 625-6893,Bonsai Architectural Designs LLC,"Charlotte, North Carolina 28787, United States",5.0,12 Reviews
(312) 846-6292,COOK ARCHITECTURAL Design Studio,"150 North Wacker Drive, Suite 2360, Chicago, Illinois 60606, United States",5.0,13 Reviews
(201) 362-4188,Lemon Grass Interior Architecture,"Call us today!, Available upon request, New Jersey 07003, United States",5.0,35 Reviews
(949) 916-4800,Peters Architecture,"23177 La Cadena Drive, Suite 101, Laguna Hills, California 92653, United States",5.0,17 Reviews
(530) 414-4662,Todd Gordon Mather Architect,"Tahoe City, California 96145, United States",5.0,18 Reviews
(323) 685-4963,Juan Felipe Goldstein Design Co.,"11329 Delano St, Los Angeles, California 91606, United States",5.0,20 Reviews
(248) 574-8239,kevin akey -azd associates,"1121 nw 51st ct, fort lauderdale, Florida 33309, United States",5.0,18 Reviews
(310) 409-4924,Bunch Design,"los Angeles, California 90012, United States",4.9,16 Reviews
(203) 883-5103,Wadia Associates,"165 Mason St Greenwich, CT 06830 & 134 Main Street, New Canaan, Connecticut 06840, United States",5.0,16 Reviews
(612) 929-2800,TEA2 Architects,"2724 West 43rd Street, Minneapolis, Minnesota 55410, United States",5.0,20 Reviews
(708) 598-0400,"Michael Buss Architects, Ltd","PO Box 623, Hinsdale, Illinois 60521, United States",4.9,29 Reviews
(916) 414-9821,LRWoehler & Associates,"Cameron Park, California 95682, United States",5.0,24 Reviews
(262) 238-0774,Fein Design,"11124 N. Cedarburg Road Suite 350, Mequon, Wisconsin 53092, United States",5.0,33 Reviews
(310) 963-1594,Lauren Shadid Architecture and Interiors,"Please Call for an Appointment!, Castle Pines, Colorado 80108, United States",5.0,21 Reviews
(561) 445-3520,Rex Nichols Architects,"1600 S Federal Hwy, Suite 970, Fort Lauderdale, Florida 33062, United States",5.0,31 Reviews
(301) 270-0395,Saul Architects,"Takoma Park, Maryland 20912, United States",5.0,35 Reviews
(203) 453-1224,CK Architects,"131 Boston St, Guilford, Connecticut 06437, United States",5.0,17 Reviews
(323) 685-4601,Koffka Phakos Design,"6404 Hollywood Blvd. Suite 405, Los Angeles, California 90028, United States",5.0,22 Reviews
(407) 599-3922,Phil Kean Design Group,"912 W. Fairbanks Avenue, Winter Park, Florida 32789, United States",5.0,23 Reviews
(860) 909-0027,Demetriades + Walker,"11 Brook Street PO Box 1327, Lakeville, Connecticut 06039, United States",5.0,26 Reviews
(704) 981-0625,KDH Residential Designs,"8712 Lindholm Drive Suite 208, Huntersville, North Carolina 28078, United States",5.0,28 Reviews
(206) 494-6338,Abita Studio Architecture + Design,"Seattle, Washington 98136, United States",5.0,26 Reviews
(512) 261-6226,"Hobbs' Ink, LLC","3595 Ranch Road 620 South Suite 225, Bee Cave, Texas 78738, United States",5.0,29 Reviews
(650) 667-7662,Mattingly Thaler Architecture,"646 Church Street, San Francisco, California 94114-2607, United States",5.0,18 Reviews
(347) 695-3959,Raad Studio,"5 White Street, New York, New York 10013, United States",5.0,27 Reviews
(973) 220-8536,Oasis Architecture,"312 N Fullerton Avenue, Montclair, New Jersey 07042, United States",5.0,25 Reviews
(973) 829-1720,Aric Gitomer Architect LLC,"Morris Plains, New Jersey 07950, United States",5.0,27 Reviews
(650) 513-2669,"square three architecture, inc","900 High Street, Suite Three, Palo Alto, California 94301, United States",4.8,20 Reviews
(713) 623-1222,2Scale Architects,"40 Cypress Creek Parkway, houston, Texas 77090, United States",4.9,16 Reviews
(949) 627-8579,David Michael Designs,"712 Center St., Costa Mesa, California 92627, United States",5.0,30 Reviews
(734) 394-9400,Studio Z Architecture,"409 Plymouth Road, Suite 130, Plymouth, Michigan 48170, United States",4.8,24 Reviews
(503) 997-6660,Benjamin Silver Design,"Portland, Oregon 97212, United States",5.0,31 Reviews
(914) 502-3450,McC | Architecture pllc,"25 North Dutcher St., Irvington, New York 10533, United States",5.0,21 Reviews
(912) 274-7653,Cowart Group Architects,"5618 White Bluff Road, Savannah, Georgia 31405, United States",4.9,27 Reviews
(843) 940-8006,SGA Architecture,"8263 Ocean Hwy., Pawleys Island, South Carolina 29585, United States",5.0,5 Reviews
(512) 768-7498,François Lévy Architecture + Interiors,"2124 East 6th Street, Suite 107, Austin, Texas 78702, United States",5.0,15 Reviews
(646) 481-7081,studio PPARK,"New York, New York 10023, United States",5.0,17 Reviews
(208) 292-4603,AMD Interiors,"Coeur d' Alene, Idaho 83815, United States",5.0,26 Reviews
(910) 763-1348,"Michael Ross Kersting Architecture, P.A.","4022 Market Street, Suite 201, Wilmington, North Carolina 28403, United States",5.0,14 Reviews
(800) 737-2166,MossCreek,"127 West Jackson Ave, Suite 202, Knoxville, Tennessee 37902, United States",5.0,22 Reviews
(503) 493-7143,risa boyer architecture,"1001 SE Water Ave, Suite 230, Portland, Oregon 97214, United States",5.0,13 Reviews
(305) 865-9911,KZ Architecture,"3470 East Coast Avenue Suite H-201, Miami, Florida 33137, United States",5.0,10 Reviews
(978) 927-3745,SV Design,"126 Dodge Street, Beverly, Massachusetts 01915, United States",4.8,19 Reviews
(912) 777-3979,Felder & Associates,"2514 Abercorn Street, Suite 110, Savannah, Georgia 31401, United States",5.0,6 Reviews
(718) 724-3680,BENJAMIN ANDRES ARCHITEKT,"Jersey City, New Jersey, United States",5.0,18 Reviews
(207) 216-9850,Kennebunk River Architects,"Kennebunk River Architects, 1662 Post Road Suite B6, Wells, Maine 04090, United States",5.0,15 Reviews
(412) 328-2768,Cipriani Studios,"Pittsburgh 15222, United States",5.0,18 Reviews
(203) 894-6347,Michael LoBuglio Architects,"62 Taunton Lake Road, Newtown, Connecticut 06470, United States",5.0,87 Reviews
(301) 320-0107,Richard Leggin Architects,"6110 Oberlin Avenue, Glen Echo, Maryland 20812, United States",5.0,6 Reviews
(540) 687-7019,"Clites Architects, PC","109 West Marshall Street, Middleburg, Virginia 20118, United States",5.0,5 Reviews
(239) 232-2259,Hlevel Architecture,"1110 Pine Ridge Road Suite 201, Naples, Florida 34108, United States",5.0,17 Reviews
(205) 249-5208,Williams Partnership: Architecture,"3940 MONTCLAIR RD STE 207, MOUNTAIN BROOK, Alabama 35213, United States",5.0,4 Reviews
(864) 288-7580,Donald A. Gardner Architects,"86 Villa Rd., Greenville, South Carolina 29615, United States",4.4,20 Reviews
(267) 310-1424,Studio IQL,"3580 Indian Queen Lane, Philadelphia, Pennsylvania 19129, United States",5.0,17 Reviews
(406) 953-0256,"Constructive Solutions, Inc.","111 South Grand Ave, Suite 223, P.O. Box 11529, Bozeman, Montana 59715, United States",4.8,6 Reviews
(872) 713-5186,Thomas Architects,"2800 S River Rd Suite 105, Des Plaines, Illinois 60018, United States",5.0,3 Reviews
(917) 336-6475,XID DESIGN & BUILD LLC,"8383 WILSHIRE BOULEVARD, SUITE 800-813, Beverly Hills, California, United States",5.0,4 Reviews
(972) 743-2835,Blume Architecture,"4241 Cochran Chapel Road, Dallas, Texas 75209, United States",5.0,11 Reviews
(617) 812-5094,Bryanoji Design Studio,"85 Merriam Rd., Princeton, Massachusetts 01541, United States",5.0,10 Reviews
(920) 495-0111,"Mitch Wise Design,Inc.","Door County, Wisconsin 54235, United States",5.0,6 Reviews
(210) 408-7553,MSA ARCHITECTURE + INTERIORS,"16719 Huebner Rd Bldg 3, San Antonio, Texas 78248, United States",5.0,9 Reviews
(225) 800-4268,Lionel F Bailey AIA Architect LLC,"8017 Jefferson Hwy. Suite B-2, Baton Rouge, Louisiana 70809, United States",5.0,18 Reviews
(760) 306-4415,TRE Architecture,"300 Carlsbad Village Drive, Suite 108A-336, Carlsbad, California 92008, United States",5.0,28 Reviews
(510) 531-0540,Tierney Conner Architecture,"363 17th St, Oakland, California 94612, United States",5.0,26 Reviews
(424) 354-9494,ArcDLA Inc.,"7080 Hollywood Blvd. Suite #PH, Los Angeles, California 90028, United States",5.0,22 Reviews
(512) 771-8856,Stuart Sampley Architect,"817 West Gibson Street, Austin, Texas 78704, United States",5.0,25 Reviews
(559) 586-6498,Arthur Dyson Architects,"1295 N. Wishon Avenue, Fresno, California 93728, United States",5.0,29 Reviews
(412) 343-1983,"Wilson Architecture + Design, LLC","300 Mt Lebanon Blvd, Suite 201B, Pittsburgh, Pennsylvania 15234, United States",5.0,29 Reviews
(865) 603-4756,Open Door Architecture,"1121 Eleanor St., Knoxville, Tennessee 37917, United States",5.0,29 Reviews
(914) 329-1518,Nicholas L Faustini Architect PC,"1700 Central Park Avenue, Suite C, Yonkers, New York 10710, United States",5.0,31 Reviews
(626) 484-2161,Wendy Wilson & Associates,"680 E Colorado Blvd., Suite 180, Pasadena, California 91101, United States",4.9,27 Reviews
(513) 351-5141,"Ryan Duebber Architect, LLC","6058 Montgomery Road, Cincinnati, Ohio 45213, United States",5.0,23 Reviews
(425) 488-3737,eric gedney | ARCHITECT,"23924 Crystal Lake Road, Woodinville, Washington 98077, United States",4.9,25 Reviews
(917) 562-6011,Saheb Architecture,"New York, New York, United States",5.0,30 Reviews
(641) 426-3202,Bergland + Cram Architects,"Available Upon Request, Mason City, Iowa 50401, United States",5.0,10 Reviews
(858) 350-1445,Smith Brothers,"444 S Cedros Ave #170, Solana Beach, California 92075, United States",4.9,21 Reviews
(303) 905-6390,Brad Dassler-Bethel . Architect,"Boulder, Colorado 80304, United States",5.0,11 Reviews
(803) 358-6565,"Catalyst Architects, LLC","Lexington and Georgetown, South Carolina 29072, United States",5.0,12 Reviews
(858) 500-6615,Jeanne Liem Architecture + Design,"7486 La Jolla Blvd., #466, La Jolla, California 92037, United States",5.0,38 Reviews
(651) 644-1106,"CITYDESKSTUDIO, Inc.","550 NORTH VANDALIA STREET, SUITE 101, SAINT PAUL, Minnesota 55114-1833, United States",4.8,6 Reviews
(512) 596-2933,Murray Legge Architecture,"4005 Idlewild Road, Austin, Texas 78731, United States",5.0,6 Reviews
(239) 349-3594,Wright Jenkins Home Design,"Fort Myers, Florida, United States",5.0,14 Reviews
(707) 526-4161,Zeitgeist Sonoma,"723 Humboldt St, Santa Rosa, California 95404, United States",4.9,39 Reviews
(208) 265-4001,Hendricks Architecture,"418 Pine Street, Sandpoint, Idaho 83864, United States",5.0,12 Reviews
(617) 816-3555,Tektoniks Architects,"17 Larchmont Road, Salem, Massachusetts 01970, United States",4.9,13 Reviews
(602) 432-7686,Rains Design,"3120 W. Carefree Highway, Suite 1-231, Phoenix, Arizona 85086, United States",4.8,6 Reviews
(860) 535-4532,"Michael McKinley and Associates, LLC","146 Water Street, Stonington, Connecticut 06378, United States",4.9,8 Reviews
(707) 765-9222,MAD Architecture,"145 Keller Street, Petaluma, California 94952, United States",5.0,3 Reviews
(617) 547-3355,Frank Shirley Architects,"40 Pearl St., Cambridge, Massachusetts 02139, United States",5.0,8 Reviews
(410) 618-1520,Penza Bailey Architects,"401 Woodbourne Avenue, Baltimore, Maryland 21212, United States",4.8,13 Reviews
(303) 399-5122,PC Designs LLC,"191 University Ave. #229, Denver, Colorado 80206, United States",5.0,4 Reviews
(512) 772-2080,Kelley Design Group,"Cedar Creek, Texas 78652, United States",5.0,20 Reviews
(843) 856-7333,Cobb Architects,"67 Washington Street, Charleston, South Carolina 29403, United States",5.0,32 Reviews
(414) 554-3853,Hundt Architecture,"3058 N Newhall St., MIlwaukee, Wisconsin 53211, United States",5.0,6 Reviews
(281) 742-0016,Burkett Architecture,"The Woodlands, Texas 77381, United States",5.0,3 Reviews
(720) 513-5525,Skyhook Design,"Boulder & Denver, Colorado 80031, United States",5.0,8 Reviews
(617) 268-5479,Walker Architects,"60 K Street, Boston, Massachusetts 02127, United States",5.0,7 Reviews
(707) 343-8662,Nick Lee Architecture,"Alameda, California 94501, United States",5.0,6 Reviews
(803) 274-6108,Guenther Designs & Consulting LLC,"Bluffton, South Carolina 29910, United States",5.0,7 Reviews
(201) 669-8614,JORDAN ROSENBERG ARCHITECTS & ASSOCIATES,"27 North Broad St, Ridgewood, New Jersey 07450, United States",4.9,76 Reviews
(512) 789-3259,"Steve Zagorski, Architect","1009 west 6th street suite 206, Austin, Texas 78703, United States",4.9,13 Reviews
(512) 813-9445,Moontower,"828 Airport Boulevard, Austin, Texas 78702, United States",5.0,48 Reviews
(818) 450-3693,Van Parys Architecture + Design,"960 S. Westlake Blvd., #201, Westlake Village, California 91361, United States",5.0,40 Reviews
(619) 432-3316,"Design Appruv, Inc.","555 Country Club Lane, Suite C221, Suite C221, Escondido, California 92026, United States",5.0,3 Reviews
(928) 282-0618,Sustainable Sedona,"99 Morning Sun Dr., Sedona, Arizona 86336, United States",5.0,17 Reviews
(646) 753-0000,Jeff Jordan Architects LLC,"121 Newark Ave #401, Jersey City, New Jersey 07302, United States",4.8,53 Reviews
(914) 775-7519,Hirshson Architecture + Design,"409 Main Street, Armonk, New York 10504, United States",5.0,13 Reviews
(281) 667-0764,TIPLER Design & Build,"30643 FM 2978, Building A, The Woodlands, Texas 77382, United States",5.0,9 Reviews
(214) 600-8563,Bonsai Architectural Designs LLC,"1333 W McDermott Dr, Allen, Texas 75013, United States",5.0,5 Reviews
(571) 765-2591,"Luther Paul Weber AIA, Architect","7603 Bent Oak Court, Falls Church, Virginia 22043, United States",4.9,15 Reviews
(310) 546-3700,LMD Architecture Studio,"4616 Manhattan Beach Blvd., Lawndale, California 90260, United States",5.0,6 Reviews
(801) 477-4174,Imbue Design,"327 W Pierpont Avenue, Ste 201, Salt Lake City, Utah 84101, United States",5.0,7 Reviews
(239) 309-7835,Stofft Cooney Architects,"633 9th Street North, Naples, Florida 34102, United States",4.9,10 Reviews
(248) 642-7771,DesRosiers Architects,"36330 Woodward Ave. Suite 100, Bloomfield Hills, Michigan 48304, United States",5.0,5 Reviews
(206) 823-1278,Rhodes Architecture + Light,"4218 SW Alaska Street, Suite G, Seattle, Washington 98116, United States",4.9,13 Reviews
(847) 507-7614,Sarah Goesling - Goesling Group,"309 N. Delphia Ave., Park Ridge, Illinois 60068, United States",5.0,8 Reviews
(480) 621-7878,Fratantoni Design-Architecture and Interior Design,"9811 E. Bell Rd. Suite 120, Scottsdale, Arizona 85260, United States",5.0,24 Reviews
(717) 833-6132,Roost Architecture Inc,"110 Forge Rd, Boiling Springs, Pennsylvania 17007, United States",4.9,15 Reviews
(801) 857-9633,Driftwood Home Design,"1472 East 1200 South, Spanish Fork, Utah 84660, United States",5.0,4 Reviews
(212) 343-1166,Spivak Architects,"New York, New York, United States",4.9,7 Reviews
(949) 518-0358,Teale Architecture,"2900 Bristol Street, A203, Costa Mesa, California 92626, United States",5.0,10 Reviews
(401) 316-3525,"Mass Architect, LLC","45 Woodmere Drive, Milton, Massachusetts 02186, United States",5.0,10 Reviews
(973) 707-7640,EBA - Eric Baker Architects,"203-324-7640 - CT, 973-707-7640 - NJ, Stamford, CT and Glen Ridge, NJ, Connecticut 06902, United States",4.9,79 Reviews
(530) 641-9046,Nicholas Sonder Architect,"11025 Pioneer Trl, Truckee, California 96161, United States",4.9,13 Reviews
(215) 724-1116,Stephanie Hoffmeier - Bellweather Design-Build,"4613 Woodland Ave, Philadelphia, Pennsylvania 19143, United States",5.0,3 Reviews
(830) 693-9408,"Delineations, Inc.","Marble Falls, Texas 78654, United States",4.9,14 Reviews
(301) 656-4166,Rill Architects,"4833 Rugby Ave. Suite #501, Bethesda, Maryland 20814, United States",5.0,12 Reviews
(202) 381-7463,"Ileana Schinder, PLLC","Washington, D.C. 20011, United States",5.0,21 Reviews
(503) 543-1449,Harka Architecture,"107 SE Washington Street, Suite 740, Portland, Oregon 97214, United States",5.0,17 Reviews
(704) 885-5837,"Pippin Home Designs, Inc","516-D River Highway, PMB 174, Mooresville, North Carolina 28117, United States",4.9,63 Reviews
(470) 231-7851,GoodHaus,"120 North Candler St., Suite 17, Decatur, Georgia 30030, United States",5.0,10 Reviews
(860) 300-2752,SKM Design LLC,"West Hartford, Connecticut 06117, United States",5.0,5 Reviews
(212) 989-2624,SKOLNICK Architecture & Design Partnership,"75 Broad Street, New York, New York 10004, United States",4.8,5 Reviews
(562) 987-9139,Jeannette Architects,"296 Redondo Ave, Long Beach, California 90803, United States",5.0,102 Reviews
(203) 622-4276,Mockler Taylor Architects,"125 Greenwich Avenue, Greenwich, Connecticut 06830, United States",5.0,7 Reviews
(415) 826-5459,2M Architecture,"501 Cortland Avenue, San Francisco, California 94110, United States",5.0,19 Reviews
(404) 886-0855,Rothman+Rothman Design,"2154 Deer Ridge Drive, Atlanta, Georgia 30030, United States",5.0,12 Reviews
(989) 560-0986,B-Squared Design Studio,"104 East Maple, Shepherd, Michigan 48883, United States",5.0,13 Reviews
(860) 767-2822,"George Penniman Architects, LLC","35 Pratt Street, Suite 202, Essex, Connecticut 06426, United States",4.9,10 Reviews
(503) 451-5117,Andrew Feldon,"833 SE Main St. STE. 438, Portland, Oregon 97214, United States",4.9,14 Reviews
(314) 496-8950,JG Design Studio,"7412 Manchester road, Maplewood, Missouri 63143, United States",3.7,3 Reviews
(615) 554-1198,"Marcus DiPietro, Architect","416 Barrywood Dr., Nashville, Tennessee 37211, United States",4.8,25 Reviews
(310) 361-4910,MySuites & Co,"132 Sullivan st, New York, New York 10012, United States",5.0,3 Reviews
(415) 269-5236,Holder Parlette Architecture + Landscapes,"Kentfield, California 94904, United States",5.0,9 Reviews
(508) 362-8883,"ERT Architects, Inc","299 White's Path, South Yarmouth, Massachusetts 02664, United States",5.0,9 Reviews
(503) 490-5472,Christie Architecture LLC,"9532 SW 18th Place, Portland, Oregon 97219, United States",5.0,28 Reviews
(630) 358-9995,"Kisarau Architect, LTD.","25 N. River Lane, Geneva, Illinois 60134, United States",4.8,18 Reviews
(929) 238-8460,"Naiztat + Ham Architects, P.C","180 Varick Street - Suite 420, New York, New York 10014, United States",5.0,29 Reviews
(415) 244-4748,"Gisela Schmoll Architect, PC","San Francisco, California, United States",5.0,7 Reviews
(631) 796-0831,Josh Manes Architecture,"240 Kent Avenue, Brooklyn, New York 11249, United States",5.0,4 Reviews
(928) 606-6735,Architectural Design Studio,"Flagstaff, Arizona 86001, United States",4.9,18 Reviews
(970) 812-1613,Apex Design & Drafting,"Grand Junction, Colorado 81501, United States",5.0,33 Reviews
(832) 895-7633,"RD Architecture, LLC","1415 North Loop W., Suite 300-22, Houston, Texas 77008, United States",5.0,24 Reviews
(303) 357-1364,bldg.collective,"2872 Bluff St, Boulder, Colorado 80301, United States",5.0,11 Reviews
(510) 556-8860,"Steve Swearengen, AIA  | the Architects office","825 Page St., Suite 203, Berkeley, California 94710, United States",5.0,9 Reviews
(800) 692-0719,Wyrick Residential Design,"421 Gentry Street, Unit 206, Spring, Texas 77373, United States",4.9,67 Reviews
(773) 857-5533,moss,"2855 W. Diversey Ave, Chicago, Illinois 60647, United States",4.4,7 Reviews
(707) 933-8272,CahillStudio Sonoma,"1055 Broadway Suite H2, Sonoma, California 95476, United States",5.0,8 Reviews
(805) 594-0771,Studio 2G Architects,"1540 Marsh St., Suite 230, San Luis Obispo, California 93401, United States",4.9,11 Reviews
(858) 412-0563,Arise Art Group,"814 Morena Blvd #207, San Diego, California 92110, United States",5.0,13 Reviews
(714) 386-1346,"Cheryl DeMarco Architect, AIA","Huntington Beach, California, United States",4.7,20 Reviews
(312) 598-1328,Burhani Design Architects,"1018 W Madison St, Suite 7, Chicago, Illinois 60607, United States",5.0,11 Reviews
(617) 764-9945,Keri Murray Architecture,"Sharon, Massachusetts, United States",5.0,30 Reviews
(202) 933-1890,Christopher Patrick Interiors,"Washington, D.C. 20011, United States",5.0,3 Reviews
(434) 977-4480,Dalgliesh Gilpin Paxton - DGP - Architects,"Charlottesville, Virginia 22902, United States",5.0,3 Reviews
(503) 758-2797,Fraley and Company,"4784 SE 17th Ave. Suite 111, Portland, Oregon 97202, United States",4.9,34 Reviews
(406) 333-7451,Brechbuhler Architects,"508 W. Main, Bozeman, Montana 59715, United States",5.0,5 Reviews
(415) 250-6052,Tektive Design,"623 Guinda Street, Palo Alto, California 94301, United States",5.0,4 Reviews
(541) 447-3341,Western Design International,"317 NW Locust Ave., Prineville, Oregon 97754, United States",5.0,7 Reviews
(201) 785-8855,"Z+ Architects, LLC","240 West Crescent Ave, Allendale, New Jersey 07401, United States",4.5,18 Reviews
(831) 920-1045,Justin Pauly Architects,"Monterey, California 93940, United States",5.0,6 Reviews
(773) 252-2900,Northlight Architects LLC,"2823 N. Milwaukee Ave., Chicago, Illinois 60618, United States",4.8,8 Reviews
(610) 964-9669,"Abby Schwartz Associates, LLC","42 Cassatt Avenue, Berwyn, Pennsylvania 19312, United States",5.0,21 Reviews
(678) 464-1299,Robert Koch Designs,"253 East Lake Drive, Decatur, Georgia 30030, United States",4.9,7 Reviews
(617) 547-8002,Foley Fiore Architecture,"316 Cambridge Street, Cambridge, Massachusetts 02141, United States",5.0,21 Reviews
(212) 825-0964,fo design,"80 Lorraine Street, Brooklyn, New York 11231, United States",5.0,11 Reviews
(206) 262-0820,DeForest Architects,"1148 NW Leary Way, Seattle, Washington 98107, United States",5.0,16 Reviews
(818) 782-1383,Kami Rezai,"7700 Densmore Ave., Van Nuys, California 91406, United States",5.0,3 Reviews
(650) 303-5977,"Maydan Architects, Inc.","Address Upon Request, Palo Alto, California 94301, United States",5.0,9 Reviews
(574) 294-6674,HELMAN SECHRIST Architecture,"129 North 2nd Street, Elkhart, Indiana 46516, United States",5.0,15 Reviews
(404) 800-5049,"Alan Clark Architects, LLC","1904 Monroe Dr., Suite 200, Atlanta, Georgia 30324, United States",5.0,3 Reviews
(206) 708-9933,JOSH architecture,"Seattle, Washington 98116, United States",5.0,28 Reviews
(404) 636-0611,Axios Architecture LLC/Steve Robinson,"2218 Lebaron Drive, Atlanta, Georgia 30345, United States",5.0,24 Reviews
(415) 812-9635,Theresa Buccola Stained Glass & Design,"Carmel, California 93921, United States",5.0,25 Reviews
(763) 710-2658,SKD Architects,"11140 Highway 55, Suite A, Plymouth, Minnesota 55441, United States",5.0,20 Reviews
(303) 499-9505,Lawrence and Gomez Architects,"Contact For Appointment, Denver-Boulder, Colorado 80305, United States",5.0,19 Reviews
(510) 548-7448,Studio G+S Architects,"2223 5th Street, Berkeley, California 94710, United States",5.0,23 Reviews
,"JC Drafting & Design, Inc.","Sarasota, Florida 34233, United States",4.9,28 Reviews
(801) 309-3598,Design Loft Inc. - Custom Home Design,"25 South Main Street Ste 110-F, Centerville, Utah 84014, United States",5.0,26 Reviews
(212) 532-4506,Paris K Interior Design,"31 east 31 street, Suite A, New York, New York 10016-6824, United States",5.0,24 Reviews
(310) 546-0044,David Watson Architects,"920 Manhattan Beach Blvd., #6, Manhattan Beach, California 90266, United States",5.0,19 Reviews
(813) 408-8404,Sharp Design Studio,"12100 Race Track Road, Suite Q1, Tampa, Florida 33626, United States",5.0,22 Reviews
(949) 497-3520,Michael H. Masilotti Architects,"25124 Via Catalina, Laguna Niguel, California 92677, United States",4.9,15 Reviews
(805) 856-6227,Thompson Naylor Architects Inc,"900 Philinda Ave, Santa Barbara, California 93103, United States",5.0,21 Reviews
(469) 778-3741,"Ellyn Amador, Architect","Dallas, Texas, United States",5.0,19 Reviews
(617) 266-1710,Patrick Ahearn Architect,"160 Commonwealth Suite L3, Boston, Massachusetts 02116, United States",4.9,21 Reviews
(314) 610-7288,K Taylor Design Group,"4220 Duncan Avenue, Suite 201, St. Louis, Missouri 63110, United States",5.0,25 Reviews
(323) 304-4475,Pretty Smart,"2730 E 4th Street, Long Beach, California 90814, United States",5.0,22 Reviews
(202) 759-8766,"HD Squared Architects, LLC","86 Maryland Ave., Annapolis, Maryland 21401, United States",4.8,26 Reviews
(310) 928-9887,FoxLin Architects,"392 Camino De Estrella, San Clemente, California 92672, United States",5.0,20 Reviews
(417) 894-2666,"Wieland Studio, LLC","787 N Squires Lane, Springfield, Missouri 65802, United States",5.0,24 Reviews
(734) 385-2562,Wright Street Design Group Inc.,"3003 Washtenaw Ave. Suite 1A, Ann Arbor, Michigan 48104, United States",5.0,23 Reviews
(856) 924-6189,Bishop and Smith Architects,"1344 Chews Landing Road, Laurel Springs, New Jersey 08021, United States",5.0,23 Reviews
(239) 594-9778,WDG Architecture | Planning + Interiors,"8970 Fontana Del Sol Way #2, Naples, Florida 34109, United States",4.9,19 Reviews
(406) 579-8450,Yellowstone Architects,"Bozeman, Montana 59715, United States",5.0,27 Reviews
(562) 344-5438,"Sennikoff Architects, Inc.","5500 East 2nd Street, Suite 2, Long Beach, California 90803, United States",4.6,11 Reviews
(248) 574-8334,Roger J. Berent Architects,"Call for Appointment, Rochester Hills, Michigan 48306, United States",5.0,8 Reviews
(858) 459-1171,"Architect Mark D. Lyon, Inc.","410 Birdrock Avenue, La Jolla, California 92037, United States",4.6,9 Reviews
(206) 351-4448,kp spaces,"1710 NW 65th ST., Seattle, Washington 98117, United States",5.0,11 Reviews
(512) 877-6278,Travis Peak Construction & Ann Temple Interiors,"28 San Giovani Ct, Austin, Texas 78738, United States",5.0,4 Reviews
(858) 459-3769,Marengo Morton Architects,"7724 Girard Ave 2nd Floor, La Jolla, California 92037, United States",5.0,7 Reviews
(704) 703-8580,"LaBella Associates, PC","455 South Main St, Davidson, North Carolina 28036, United States",5.0,4 Reviews
(650) 667-7633,Michael Tauber Architecture,"2325 Third Street, San Francisco, California 94107, United States",5.0,13 Reviews
(619) 736-5952,Kim Grant Design Inc,"2400 Kettner Blvd. Studio 207, San Diego, California 92101, United States",5.0,11 Reviews
(510) 543-0351,"Levitch Associates, Inc","1029 Heinz Ave, Berkeley, California 94710, United States",5.0,42 Reviews
(781) 819-0027,Duxborough Designs,"34 Clifford Rd., Plymouth, Massachusetts 02360, United States",5.0,36 Reviews
(513) 272-8099,Drawing Dept,"3217 Madison Road, Cincinnati, Ohio 45209, United States",4.9,12 Reviews
(415) 800-1801,Verner Architects,"San Francisco, California 94108, United States",4.5,8 Reviews
(303) 455-7741,ArcWest Architects,"1525 Raleigh St, Suite 320, Denver, Colorado 80204, United States",5.0,15 Reviews
(828) 545-1977,Rusafova Markulis Architects,"2 Perdue Place, Asheville, North Carolina 28806, United States",5.0,14 Reviews
(941) 580-4603,HausDesign Studio LLC,"Bradenton, Florida 34209, United States",5.0,19 Reviews
(214) 551-5014,McReynolds Designs,"2704 Elmwood Ct, McKinney, Texas 75051, United States",5.0,24 Reviews
(303) 449-1141,BARRETT STUDIO architects,"3980 N Broadway, Suite 103-224, Boulder, Colorado 80304, United States",5.0,15 Reviews
(845) 444-3046,"Hoover Architecture, PLLC","22 Autumn Knoll, New Paltz, New York 12561, United States",5.0,18 Reviews
(650) 343-3452,EASA Architecture,"307 South ""B"" Street #12, San Mateo, California 94401, United States",5.0,23 Reviews
(205) 322-2057,Jeffrey Dungan Architects,"1906 Cahaba Road, Birmingham, Alabama 35223, United States",5.0,21 Reviews
(203) 349-5509,"TASOS KOKORIS AIA, LEED AP","28 JENNIE LANE, Westport, Connecticut 06880, United States",5.0,23 Reviews
(603) 392-7451,Tout le Monde Interiors,"Bedford, New Hampshire 03110, United States",4.8,21 Reviews
(518) 314-0355,Adirondack Design,"30 Riverside Dr, Saranac Lake, New York 12983, United States",5.0,24 Reviews
(248) 515-4477,"Joseph Mosey Architecture, Inc.","108 Center Street Suite 205, Northville, Michigan 48167, United States",5.0,15 Reviews
(503) 288-4203,HOLAH Design + Architecture,"710 NE 21st Ave., Suite 202, Portland, Oregon 97232, United States",3.7,3 Reviews
(800) 691-7302,Stillwater Dwellings,"2111 3rd Ave, Seattle, Washington 98121, United States",4.5,6 Reviews
(631) 488-4488,Jason Thomas Architect,"300 Hampton Road, Southampton, New York 11968, United States",5.0,10 Reviews
(212) 625-1450,Sarah Jefferys Design,"131 VARICK STREET, SUITE 913, NEW YORK, New York 10013, United States",5.0,12 Reviews
(414) 204-8917,Van Cleave Architecture + Design,"Call for Consultation, Milwaukee Area, Wisconsin 53202, United States",5.0,9 Reviews
(215) 523-9394,Wyant Architecture,"2010 Wallace Street, Philadelphia, Pennsylvania 19130, United States",5.0,9 Reviews
(617) 930-7712,Silipo Architecture & Design,"23 Myers Lane, Milton, Massachusetts 02186, United States",5.0,6 Reviews
(847) 721-5975,Petrick Architecture,"Evanston, Illinois 60202, United States",5.0,18 Reviews
(303) 449-9155,Gettliffe Architecture,"3014 Bluff Street, Boulder, Colorado 80301, United States",5.0,9 Reviews
(804) 344-0060,B.O.B. - Beyond Ordinary Boundaries Architecture,"108 North First Street, Richmond, Virginia 23219, United States",4.8,22 Reviews
(215) 769-9654,Terra Studio,"1420 Walnut Street, Suite 1400, Philadelphia, Pennsylvania 19102, United States",5.0,23 Reviews
(763) 710-2625,"JALIN Design, LLC","109 and Zane, Champlin, Minnesota 55316, United States",5.0,22 Reviews
(310) 979-9945,Kurt Krueger Architects,"12207 Wilshire Blvd #203, Los Angeles, California 90025, United States",5.0,11 Reviews
(213) 373-4581,AAHA Studio,"Los Angeles, California 90035, United States",5.0,19 Reviews
(970) 670-7688,"Rentfrow Design, LLC","205 Allen Street, Fort Collins, Colorado 80525, United States",4.9,19 Reviews
(225) 921-5875,Custom Home Designs,"Clinton, Louisiana 70722, United States",4.8,22 Reviews
(305) 872-4828,"Matthew Fowler, Architect","PO Box 852, Summerland Key, Florida 33042, United States",5.0,19 Reviews
(425) 391-3333,MacPherson Construction and Design,"21626 SE 28th Street, Sammamish, Washington 98075, United States",5.0,19 Reviews
(856) 322-6476,Lolio Architect,"219 Bellevue Avenue, Hammonton, New Jersey 08037, United States",5.0,21 Reviews
(781) 899-6908,JFF Design Architects,"24 Warwick Ave, Waltham, Massachusetts 02452, United States",4.7,23 Reviews
(858) 735-2375,"Mark A Silva, Architect","San Diego, California 92117, United States",5.0,19 Reviews
(530) 583-8822,SANDBOX,"Truckee, California 96161, United States",5.0,19 Reviews
(770) 637-4123,Southeast Studios Inc.,"P.O. Box 15556, Atlanta, Georgia 30333, United States",4.8,20 Reviews
(407) 629-6711,MJS Designers Group,"815 Orienta Ave., Suite 1040, Altamonte Springs, Florida 32701, United States",5.0,18 Reviews
(816) 984-4444,lisa schmitz interior design,"107 east gregory boulevard, kansas city, Missouri 64114, United States",5.0,14 Reviews
(828) 274-5979,"Griffin Architects, P.A.","One Village Lane, Suite One, Asheville, North Carolina 28803, United States",4.8,25 Reviews
(630) 537-1416,"Schwarz Lewis Design Group, Inc.","1550 Spring Rd., Suite 100, Oak Brook, Illinois 60523, United States",5.0,13 Reviews
(707) 996-7947,Robert Baumann + Associates,"545 Third Street West, Sonoma, California 95476, United States",5.0,4 Reviews
(917) 935-4313,Verdant Architecture,"375 Milton Ave to PO Box 308, 81 South Street, Ballston Spa, New York 12020, United States",5.0,11 Reviews
(310) 909-7762,RLB Architecture,"15200 W Sunset Blvd., Ste. 201, Pacific Palisades, California 90272, United States",5.0,13 Reviews
(281) 801-6816,Core Design Impact,"5100 Westheimer Road, Suite 200, Houston, Texas 77056, United States",5.0,3 Reviews
(949) 388-5300,Studio 6 Architects,"2753 Camino Capistrano, Suite A-100, San Clemente, California 92672, United States",5.0,5 Reviews
(410) 618-1674,David D. Quillin Architecture,"5705 Waterside Drive, Berlin, Maryland 21811, United States",5.0,16 Reviews
(801) 682-1688,Hebdon Studios,"740 East 3900 South, Suite 302, Millcreek, Utah 84107, United States",5.0,5 Reviews
(603) 436-4274,TMS Architects,"One Cate Street, Portsmouth, New Hampshire 03801, United States",5.0,7 Reviews
(845) 758-2724,Kristina Dousharm Architecture PLLC,"8 Willard Rd., Red Hook, New York 12571, United States",5.0,3 Reviews
(317) 514-3352,Trade Design Studio,"1728 N New Jersey Street, Indianapolis, Indiana 46202, United States",5.0,6 Reviews
(203) 637-8730,Alisberg Parker,"222 Sound Beach Avenue, Old Greenwich, Connecticut 06870, United States",5.0,8 Reviews
(404) 993-1633,e3 design,"878 Peachtree Street, NE Suite 806, Atlanta, Georgia 30309, United States",4.9,19 Reviews
(512) 400-3230,Restructure Studio,"By Appointment Only, Austin, Texas 78749, United States",4.8,14 Reviews
(212) 229-0200,Lichten Architects,"6 W 18th Street, New York, New York 10011, United States",5.0,17 Reviews
(215) 631-8757,Kate Cleveland Architect,"8011 Crefeld Street, Philadelphia, Pennsylvania 19118, United States",5.0,18 Reviews
(347) 836-9192,Evan Chan Architect,"765 Marcy Ave, Brooklyn, New York 11216, United States",5.0,16 Reviews
(949) 627-8636,"South Coast Architects, Inc.","13 Corporate Plaza Ste. 210, Newport Beach, California 92660, United States",5.0,19 Reviews
(817) 592-8399,Bohannon Design Team,"8300 Starnes Rd, Suite 1, North Richland HIlls, Texas 76182, United States",5.0,21 Reviews
(714) 928-4617,Gálvez-Arango Architectural Corporation,"18588 Morongo Street, Fountain Valley, California 92708, United States",5.0,23 Reviews
(818) 618-7996,Allison Knizek Design for Prescott Properties,"13636 Ventura Blvd., Sherman Oaks, California 91423, United States",5.0,22 Reviews
(248) 321-4444,Patrick Dyke Collaborative l.l.c.,"132 N. Old Woodward, Birmingham, Michigan 48009, United States",5.0,20 Reviews
(530) 731-5018,"MWA, Inc.","11165 Brockway Road, Truckee, California 96161, United States",4.9,16 Reviews
(919) 667-0404,BuildSense,"502 Rigsbee Avenue, Suite 201, Durham, North Carolina 27701, United States",5.0,20 Reviews
(520) 404-2166,"In Place Architecture, PLLC","Tucson, Arizona 85719, United States",4.9,22 Reviews
(970) 300-1091,"Munn Architecture, LLC","PO Box 21, Granby, Colorado 80446, United States",5.0,19 Reviews
(202) 965-1284,Ernesto Santalla PLLC,"3144 Dumbarton Street NW, Washington, D.C. 20007, United States",5.0,19 Reviews
(910) 833-1164,2x4 Designs,"321 N Front St., Wilmington, North Carolina 28401, United States",4.9,21 Reviews
(212) 367-8055,BuiltIN studio,"119 West 23rd Street, Suite 409, New York, New York 10011, United States",5.0,19 Reviews
(773) 817-4527,Studio Nigro,"5336 W. Warner Ave, Chicago, Illinois 60641, United States",5.0,18 Reviews
(949) 649-6088,"James Glover Home, Inc.","221 South Olavista, San Clemente, California 92672, United States",5.0,18 Reviews
(201) 992-4532,"JLB Design, LLC","144 Lakeside Blvd, Oakland, New Jersey 07436, United States",5.0,22 Reviews
(408) 409-8192,Rolm Design Studio,"1622 W.Campbell Ave, Suite 108, Campbell, California 95008, United States",5.0,22 Reviews
(425) 333-2325,PRDG architecture + design,"4316 SW Othello Street, Seattle, Washington 98136, United States",5.0,20 Reviews
(386) 337-3113,Pemberton Home Design LLC,"112 West Indiana Ave. Suite 203, DeLand, Florida 32720, United States",5.0,20 Reviews
(951) 339-2198,Bob Ybarra Building Designer,"PO Box 9382, Moreno Valley, California 92552, United States",4.8,24 Reviews
(802) 453-6401,Elizabeth Herrmann architecture + design,"29 North St., Bristol, Vermont 05443, United States",5.0,12 Reviews
(630) 584-2735,Remington Architecture,"St. Charles, Illinois 60174, United States",5.0,22 Reviews
(770) 650-0751,"AJW Designs, Inc.","885 Woodstock Rd, Ste 430-181, Roswell, Georgia 30075, United States",5.0,22 Reviews
(713) 526-1978,Atticus Architecture,"2444 Times Blvd., Suite 236H, Houston, Texas 77005, United States",5.0,21 Reviews
(501) 730-1950,Classically Yours Interiors (CYInteriors),"120 Roosevelt Cir., Conway, Arkansas 72034, United States",5.0,23 Reviews
(650) 275-6655,Diebel and Company | Architects,"Burlingame, California 94010, United States",5.0,21 Reviews
(410) 212-6790,SPIRE Architecture,"121 Cathedral Street Suite 2A-3, Annapolis, Maryland 21401, United States",5.0,19 Reviews
(727) 647-0574,Design Works LLC,"115 23rd Ave. S., St. Petersburg, Florida 33705, United States",4.8,23 Reviews
(281) 616-5245,DPA | Dwight Patterson Architects,"1334 Brittmoore Road, Houston, Texas 77043, United States",5.0,22 Reviews
(727) 542-4860,EDAD studio,"632 Bay St NE, St Petersburg, Florida 33701, United States",4.9,14 Reviews
(917) 297-1412,Studio Geiger Architecture,"252 Nassau St. 2nd Floor, Princeton, New Jersey 08542, United States",4.9,21 Reviews
(919) 827-8347,Barnett Adler,"Raleigh, North Carolina, United States",4.6,24 Reviews
(781) 739-3034,David Whitney Architect,"49 Linden Street, Arlington, Massachusetts 02476, United States",4.9,20 Reviews
(817) 896-3266,Winchester Residential Design,"1200 Florida Drive, Arlington, Texas 76013, United States",5.0,22 Reviews
(650) 344-1244,HrH Architecture,"611 Veterans Blvd., Suite 212, Redwood City, California 94063, United States",5.0,21 Reviews
(847) 807-1492,"Lenore Weiss Studios, LLC","Please call for information, Chicago, Illinois 60093, United States",5.0,20 Reviews
(708) 783-1124,Studio 1 Architects,"Western Springs, Illinois, United States",5.0,20 Reviews
(214) 691-9119,Symmetry Architects,"12720 Hillcrest Road, #345, Dallas, Texas 75230, United States",5.0,17 Reviews
(206) 207-9154,McClellan Architects,"3309 Wallingford Ave, Seattle, Washington 98103, United States",5.0,10 Reviews
(320) 385-1041,ADS Designs,"208 Second Avenue North, Sauk Rapids, Minnesota 56379, United States",5.0,22 Reviews
(508) 469-5192,Tee House Design LLC,"Carlisle, Massachusetts 01741, United States",5.0,21 Reviews
(802) 466-4437,"Maple Valley Design Build, Inc.","P.O. Box 1248, Manchester Center, Vermont 05255, United States",4.9,18 Reviews
(617) 584-1295,J. Schwartz Design,"135 Massachusetts Avenue, Boston, Massachusetts 02115, United States",4.9,22 Reviews
(262) 649-4609,"K Architectural Design, LLC","3841 Hickory Hill Pkwy West, Hubertus, Wisconsin 53033, United States",5.0,23 Reviews
(781) 863-5275,RappArchitecture,"50 Robbins Road, Lexington, Massachusetts 02421, United States",5.0,3 Reviews
(561) 475-2918,YRA Design Inc,"West Palm Beach, Florida 33405, United States",4.6,9 Reviews
(610) 557-3067,Peter Zimmerman Architects,"828 Old Lancaster Rd., Berwyn, Pennsylvania 19312, United States",5.0,32 Reviews
(781) 354-5839,Steven Baczek Architect,"46 Glenemere Circle, Reading 01867, United States",5.0,61 Reviews
(414) 310-2009,STRIEGEL AGACKI STUDIO,"Los Angeles / Milwaukee, Wisconsin 53213, United States",5.0,3 Reviews
(617) 440-3622,Reverse Architecture,"561 Windsor St Ste A304, Somerville, Massachusetts 02143, United States",4.9,14 Reviews
(864) 233-6800,Markalunas Architecture Group,"307 Falls Street, Suite A, Greenville, South Carolina 29601, United States",5.0,9 Reviews
(919) 537-9659,Calico Studio,"1141 Smith Level Road, Chapel Hill, North Carolina 27516, United States",5.0,9 Reviews
(210) 824-7703,"Michael G Imber, Architects","111 W El Prado Dr, San Antonio, Texas 78212, United States",5.0,6 Reviews
(303) 279-8558,Todd Remington Architect,"2570 Eldridge Street, Golden, Colorado 80401, United States",5.0,5 Reviews
(415) 505-1102,MPADA,"1308 McAllister Street, San Francisco, California 94115, United States",5.0,8 Reviews
(225) 924-7450,"Kevin L Harris, Architect LLC","451 East Airport, Suite A, Baton Rouge, Louisiana 70806, United States",5.0,9 Reviews
(720) 608-1345,"KD Project Design, LLC","Cherry Hills Village, Colorado 80113, United States",5.0,13 Reviews
(703) 598-9318,"FitzHarris Designs, Architects + Designers","3623 N 21st Avenue, Arlington, Virginia 22207, United States",5.0,32 Reviews
(917) 941-3322,Sonya Lee Architect llc,"New York/Tampa, Florida 33625, United States",5.0,7 Reviews
(310) 490-2742,Paul Brant Williger Architect,"110 North Doheny, Beverly Hills, California 90211, United States",5.0,43 Reviews
(713) 714-3884,Interior Design Concepts,"11209 N. Millbend Dr., Spring, Texas 77380, United States",5.0,32 Reviews
(406) 412-7341,Peter Q Brown Innovative Design,"328 S. Bozeman Ave, Bozeman, Montana 59715, United States",5.0,42 Reviews
(949) 422-9191,Richart Design,"1041 W 18th Street Suite A106, Costa Mesa, California 92627, United States",4.8,22 Reviews
(202) 333-5596,Overmyer Architects,"3213 P St NW, Washington, D.C. 20007, United States",5.0,3 Reviews
,live-work-play,"Seattle, Washington 98103, United States",5.0,5 Reviews
(970) 445-1257,TAB ASSOCIATES INC,"56 Edwards Village Blvd Unit 210, Edwards, Colorado 81632, United States",5.0,12 Reviews
(415) 407-2772,MTP Architects,"155 Montgomery St., Suite 201, San Francisco, California 94104, United States",5.0,9 Reviews
(609) 382-0562,Blane Steinman Architects,"2220 Route 9 N., Clermont, New Jersey 08210, United States",4.9,13 Reviews
(206) 472-1824,grouparchitect,"1735 Westlake Ave N, Suite 200, Seattle, Washington 98109, United States",5.0,12 Reviews
(281) 528-8181,"Charles Todd Helton Architect, Inc.","4115 Irish Ivy Court, Spring, Texas 77386, United States",4.8,17 Reviews
(401) 560-0850,Lisa Carlisle Architect,"Jamestown, Rhode Island 02835, United States",5.0,7 Reviews
(800) 913-2350,Houseplans.com,"Petaluma, California 94952, United States",1.5,8 Reviews
(208) 634-4540,EPIKOS LAND PLANNING & ARCHITECTURE,"303 Colorado Street, McCall, Idaho 83638, United States",5.0,8 Reviews
(773) 598-8014,"Besch Design, Ltd.","PO Box 46260, Chicago, Illinois 60646, United States",5.0,19 Reviews
(941) 364-4600,"Clifford M. Scholz Architects, LLC","300 S. Orange Avenue, Sarasota, Florida 34236, United States",5.0,19 Reviews
(510) 654-6755,Jarvis Architects,"5278 College Avenue, Oakland, California 94618, United States",5.0,4 Reviews
(203) 966-5707,Amanda Martocchio Architecture,"189 Brushy Ridge Rd, New Canaan, Connecticut 06840, United States",5.0,5 Reviews
(732) 455-9499,Old House Guy LLC,"Please Call for Appointment, Freehold, New Jersey 07728, United States",5.0,63 Reviews
(512) 346-9200,Austin Design Group,"9020 N Capital Of Texas Hwy Ste 1-350, Austin, Texas 78759, United States",5.0,5 Reviews
(208) 265-9160,Sayler | Owens | Kerr design studio,"534 Pine St., Sandpoint, Idaho 83864, United States",5.0,14 Reviews
(615) 491-8561,Clements Wimsatt Architects,"Nashville, Tennessee 37210, United States",5.0,3 Reviews
(847) 869-7700,Michael Hershenson Architects,"1515 Sherman Ave, Suite 2 South, Evanston, Illinois 60201, United States",5.0,12 Reviews
(512) 291-5717,C-Reese Architectural Design,"1717 Suter St., Austin, Texas 78748, United States",4.9,18 Reviews
(760) 274-3938,Buffett Design,"1034 Arcadia, Encinitas, California 92024, United States",5.0,13 Reviews
(503) 850-0312,"The Design Department, Inc.","PO Box 69, Lake Oswego, Oregon 97034, United States",5.0,21 Reviews
(415) 890-2884,Madson Design,"Address Available Upon Request, San Francisco, California 94127, United States",4.9,18 Reviews
(530) 965-5731,Design SI,"Chico, California 95973, United States",4.9,19 Reviews
(510) 543-0038,"Guy Lubroth, Architect","1912 Vine Street, Berkeley, California 94709, United States",5.0,22 Reviews
(707) 481-1486,"Amy A. Alper, Architect","1101 Loma Court, Sonoma, California 95476, United States",5.0,16 Reviews
(305) 250-9939,Eolo A&I Design,"1925 Brickell Avenue D203, Miami, Florida 33129, United States",5.0,21 Reviews
(914) 234-2595,Carol Kurth Architecture + Interiors,"644 Old Post Road, The Arcade Building, Bedford, New York 10506, United States",5.0,20 Reviews
(770) 702-1771,"HomeVisionConcepts, Inc","4563 Pine Street, Smyrna, Georgia 30080, United States",5.0,22 Reviews
(207) 283-8777,Caleb Johnson Studio,"110 Exchange Street, #2, Portland, Maine 04101, United States",4.7,11 Reviews
(901) 685-9001,Shapiro & Company Architects,"4646 Poplar Avenue, Memphis, Tennessee 38117, United States",5.0,11 Reviews
(970) 846-0905,Wagner Design Studio,"2740 Acre Lane Suite 205, Steamboat Springs, Colorado 80487, United States",5.0,9 Reviews
(321) 233-9455,Armistead Design & Drafting,"675 Fern Drive, Merritt Island, Florida 32952, United States",5.0,25 Reviews
(512) 636-5900,Merzbau Design Collective,"3607 S. Lamar Blvd., Ste.#102, Austin, Texas 78704, United States",5.0,5 Reviews
(415) 237-4886,modern house architects,"1265 Indiana Street, San Francisco, California 94107, United States",5.0,6 Reviews
(203) 345-6307,"Donald William Fairbanks Architect, P.C.","762 Kings Highway West, Southport, Connecticut 06890, United States",5.0,7 Reviews
(239) 309-1579,Architecture Joyce Owens llc,"2281 Main Street, Fort Myers, Florida 33901, United States",5.0,15 Reviews
(415) 494-8255,Studio Maven,"350 Rhode Island Street Suite 240, Office 212, San Francisco, California 94103, United States",5.0,13 Reviews
(631) 483-2030,Ernest Schieferstein Architecture,"14 Oak Drive, North Haven, New York 11963, United States",4.8,6 Reviews
(303) 305-4751,Bonsai Design + Build,"Denver, Colorado 80202, United States",5.0,13 Reviews
(415) 630-6185,Actual-Size Architecture,"29 Liberty St, San Francisco, California 94110-2318, United States",5.0,6 Reviews
(408) 730-8877,Studio 02 Inc.,"Sunnyvale, California 94085, United States",4.7,3 Reviews
(617) 695-3777,"Innovative Collaborations, Inc.","369 Congress Street, Boston, Massachusetts 02210, United States",4.2,5 Reviews
(914) 234-7014,Di Biase Filkoff Architects,"Bedford, New York 10506, United States",5.0,7 Reviews
(917) 809-6967,Studio PHH Architects,"New York, New York 10003, United States",5.0,7 Reviews
(239) 495-2106,"Sater Design Collection, Inc.","25241 Elementary Way Suite 200, Bonita Springs, Florida 34135, United States",5.0,20 Reviews
(813) 748-3530,Hittmeier Design Consultants,"Tampa, Florida 33603, United States",5.0,12 Reviews
(415) 626-5112,Andre Rothblatt Architecture,"1189 Tennessee Street, Suite 101, San Francisco, California 94107, United States",5.0,16 Reviews
(415) 457-2545,ALB Designs,"100 Galli Drive Ste 18, Novato, California 94949, United States",5.0,3 Reviews
(415) 546-0450,"450 Architects, Inc.","Pier 9, Suite 105, San Francisco, California 94111, United States",5.0,5 Reviews
(415) 536-9323,Architecture + Design,"566 Folsom Street, San Francisco, California 94105, United States",5.0,3 Reviews
(902) 907-5388,Sweet Home Design,"1563 Wentworth Rd. RR1, Windsor, Nova Scotia B0N 2T0, Canada",5.0,3 Reviews
(510) 420-0210,Amato Architecture,"1396 Park Avenue, Emeryville 94608, United States",5.0,2 Reviews
+34 619 04 40 68,Sergio Olazabal - 2arquitectos,"28100, Madrid, Spain",5.0,2 Reviews
,Rosa Maria Cateriano,"Lima, Peru",5.0,2 Reviews
